0,Crossing!
1,Dreaming!
2,Dreaming!
3,ハルカナミライ
4,成長Chu→LOVER!!
5,エスケープ
6,Eternal Spiral
7,piece of cake
8,アライブファクター
9,Persona Voice
10,Cut. Cut. Cut.
11,Smiling Crescent
12,Decided
13,深層マーメイド
14,"HELLO, YOUR ANGEL♪"
15,GF
16,little trip around the world
17,Melody in scape
18,"""Your"" HOME TOWN"
19,fuity love
20,夜に輝く星座のように
21,秘密のメモリーズ
22,たしかな足跡
23,Understand?Understand!
24,ジャングル☆パーティー
25,Beat the World!!
26,Emergence Vibe
27,Dreamscape
28,ランニング・ハイッ
29,ゲキテキ！ムテキ！恋したい！
30,Bonnes! Bonnes!! Vacances!!!
31,NO CURRY NO LIFE
32,サンリズム・オーケストラ♪
33,Raise the FLAG
34,P.S I Love You
35,プリムラ
36,待ちぼうけのLacrima
37,brave HARMONY
38,リフレインキス
39,Sweet Sweet Soul
40,メメント？モメント♪ルルルルル☆
41,永遠の花
42,Starry Melody
43,合言葉はスタートアップ!
44,地球ミラーボウル
45,ストロベリー･キューピッド
46,Liar's good bye
47,タイムマシンに飛び乗って!
48,smiley days
49,Welcome!!
50,Growing Storm!
51,...In The Name Of。...LOVE?
52,VIVID イマジネーション
53,空想文学少女
54,Believe my change!
55,未来飛行
56,Shooting Stars
57,夢色トレイン
58,サマ☆トリ 〜Summer trip〜
59,プリティ〜〜〜ッ→ニャンニャンッ!
60,絵本
61,Catch my dream
62,Eternal Harmony
63,カーニヴァル・ジャパネスク
64,プラリネ
65,bitter sweet
66,君だけの欠片
67,Just be myself!!
68,ジレるハートに火をつけて
69,恋愛ロードランナー
70,BOUNCING♪ SMILE!
71,初恋バタフライ
72,フローズン・ワード
73,ホントウノワタシ
74,Birth of Color
75,Impervious Resolution
76,ユニゾン☆ビート
77,月のほとりで
78,WORLD WIDE DANCE!!!
79,おまじない
80,ドリームトラベラー
81,SUPER SIZE LOVE!!
82,アニマル☆ステイション!
83,りんごのマーチ
84,WOW! I NEED!! 〜シンギングモンキー 歌唱拳〜
85,水中キャンディ
86,星屑のシンフォニア
87,FAKE SELF x TRUE SELF
88,恋の音色ライン
89,"Day After ""Yesterday"""
90,鳥籠スクリプチュア
91,vivid color
92,STANDING ALIVE
93,ファンタジスタ・カーニバル
94,WHY?
95,STEREOPHONIC ISOTONIC
96,addicted
97,夕風のメロディー
98,Thank You!
99,キラメキ進行形
100,素敵なキセキ
101,Heart・デイズ・Night☆
102,Helloコンチェルト
103,IMPRESSION→LOCOMOTION!
104,アフタースクールパーリータイム
105,フェスタ・イルミネーション
106,ホップ♪ステップ♪レインボウ♪
107,マイペース☆マイウェイ
108,想いはCarnaval
109,微笑み日和
110,恋のLesson初級編
111,ハッピー☆ラッキー☆ジェットマシーン
112,透明なプロローグ
113,FIND YOUR WIND!
114,Get My Shinin'
115,POKER POKER
116,グッデイ・サンシャイン!
117,ココロ☆エクササイズ
118,スマイルいちばん
119,君想いBirthday
120,朝焼けのクレッシェンド
121,微笑んだから、気づいたんだ。
122,恋心マスカレード
123,Happy Darling
124,トキメキの音符になって
125,Be My Boy
126,dear...
127,FLY TO EVERYWHERE
128,あのね、聞いてほしいことがあるんだ
129,オリジナル声になって
130,ちいさな恋の足音
131,ハッピ〜 エフェクト!
132,ハミングロード
133,ライアー・ルージュ
134,追憶のサンドグラス
135,Maria Trap
136,オレンジの空の下
137,DETECTIVE HIGH! 〜恋探偵物語〜
138,Snow White
139,チョー↑元気Show☆アイドルch@ng!
140,デコレーション・ドリ〜ミンッ♪
141,ハートウォーミング
142,ビギナーズ☆ストライク
143,"プライヴェイト・ロードショウ (playback, Weekday)"
144,嘆きのFRACTION
145,流星群
146,恋花
147,Precious Grain
148,Rebellion
149,Bigバルーン◎
150,Blue Symphony
151,Fu-Wa-Du-Wa
152,"Good-Sleep, Baby"
153,GREEDY GIRL
154,Marionetteは眠らない
155,Sentimental Venus
156,カワラナイモノ
157,ココロがかえる場所
158,瞳の中のシリウス
159,Legend Girls!!
160,PRETTY DREAMER
161,ビジョナリー
162,キミはメロディ
163,アイル
164,my song
165,Flooding
166,君との明日を願うから
167,私はアイドル
168,AIKANE?
169,Border LINE→→→
170,Come on a Tea Party!
171,Cross the future
172,DATE PARADE!
173,Play GO! Round
174,REACH THE SKY
175,Take! 3. 2. 1. → S・P・A・C・E↑↑
176,WE ARE ONE!!
177,アロー彗星
178,シャクネツのパレード
179,ピカリピックアップ!
180,プリンセス・アラモード
181,ユニーク・スター・プレイヤー!
182,ローリング△さんかく
183,稲妻スピリット
184,美! 美! 美! ビルドUP!!
185,恋のWa・Wo・N
186,Contrastet
187,Home is a coming now!
188,HOME RUN SONG♪
189,Purple Sky
190,Super Funky Piece!!
191,Walking on the Square
192,スポーツ！スポーツ！スポーツ！
193,ときどきシーソー
194,プルメリアの花
195,ふわりずむ
196,ゆえに…なんです
197,リーチ・アップ・ステップ!
198,わたしルネサンス
199,空に手が触れる場所
200,週末だけのハーレクイン
201,地球儀にない国
202,満腹至極フルコォス
203,勇気のfragrance
204,ART NEEDS HEART BEATS
205,Collier De Perles
206,Discord Area
207,it's me
208,K・A・W・A・I・I of the WORLD!
209,Oli Oli DISCO
210,Only One Second
211,Sister
212,オン・ステージ・プレーヤー!
213,きまぐれユモレスク
214,キミが真ん中にいた
215,グローインミュージック!
216,スノウレター
217,たんけんぼうけん☆ハイホー隊
218,ハッピーマイガーデン
219,ロケットスター☆
220,祈りの羽根
221,交わる季節
222,Beautiful Believer
223,CAT CROSSING
224,ENTER→PLEASURE
225,I Do
226,Silent Joker
227,To...
228,アイドルは、かく語りき
229,あたためますか?
230,きみがくれた言葉があるから
231,シルエット
232,スポットライト・ミラーランド
233,パーフェクトゲーム
234,ムーンゴールド
235,愛のMagic! Once Again!
236,泣き空、のち
237,教えてlast note…
238,折紙物語
239,瑠璃色金魚と花菖蒲
240,HAPPY♪ STEPPING!! DREAMING☆
241,Hearty!!
242,Sing a Wing Song
243,SING MY SONG
244,あめにうたおう♪
245,しあわせエンドロール
246,シャル・ウィー・ダンス?
247,スタートリップ
248,セピアカラフル
249,はなしらべ
250,ハミングバード
251,ピンクローズアプローズ
252,ふたり繋ぐ星座
253,絵羽模様
254,君に映るポートレイト
255,未来系ドリーマー
256,裏表深層心理
257,Dual Style Idol
258,Moonrise Belief
259,Little Match Girl (Minako & Mizuki Vocal Ver.)
260,Miracle Night (M@STER VERSION) Chihaya & Sayoko Vocal Ver.
261,アライアンス・スターダスト
262,Shine My Way
263,グッドサイン
264,電波感傷
265,カーテシーフラワー
266,聖ミリオン女学園校歌
267,花びらメモリーズ
268,Angelic Parade♪
269,Brand New Theater!
270,FairyTaleじゃいられない
271,Princess Be Ambitious!!
272,UNION!!
273,Episode. Tiara
274,LEADER!!
275,ZETTAI x BREAK!! トゥインクルリズム
276,だってあなたはプリンセス
277,ハーモニクス
278,ハルマチ女子
279,ピコピコIIKO! インベーダー
280,月曜日のクリームソーダ
281,昏き星、遠い月
282,咲くは浮世の君花火
283,虹色letters
284,インヴィンシブル・ジャスティス
285,Melty Fantasia
286,BORN ON DREAM! 〜HANABI☆NIGHT〜
287,ミラージュ・ミラー
288,I did + I will
289,I.D 〜EScape from Utopia〜
290,Tomorrow Program
291,ギブミーメタファー
292,想い出はクリアスカイ
293,彼氏になってよ。
294,Everlasting
295,Get lol! Get lol! SONG
296,餞の鳥
297,花ざかりWeekend
298,RED ZONE
299,ダイヤモンド・クラリティ
300,真夏のダイヤ☆
301,シークレットジュエル 〜魅惑の金剛石〜
302,Harmony 4 You
303,Shamrock Vivace
304,産声とクラブ
305,トレフル・ド・ノエル
306,Clover's Cry 〜神と神降ろしの少女〜
307,サウンド・オブ・ビギニング
308,Supersonic Booster!
309,オレンジ・エピソード
310,Like twinkling STARS
311,EVERYDAY STARS!! (765PRO ALLSTARS ver.)
312,空色 Birthday Card
313,LOVE is GAME
314,紙・心・ペン・心 -SHISHINPENSHIN-
315,CHEER UP! HEARTS UP!
316,ESPADA
317,Criminally Dinner 〜正餐とイーヴルナイフ〜
318,スペードのQ
319,KING of SPADE
320,夢にかけるRainbow
321,Vacation VS Summer 〜ナツとヤスミのアンビバレント!〜
322,ワールド・アスレチック・COOK-KING 〜勝者必食!? スポ食の秋〜
323,春風満帆スターティング
324,ショコラブル*イブ
325,ミスティック・セレモニーへの招待状
326,リベレイシング / アロン -LiberaSing Along-
327,Flyers!!!
328,Justice OR Voice
329,White Vows
330,dans l'obscurite
331,囚われのTea Time
332,ラビットファー
333,Dreamy Dream
334,Cherry Colored Love
335,夜と、明かりと。
336,Fermata in Rapsodia
337,DEpArture from THe life
338,百花は月下に散りぬるを
339,矛盾の月
340,Super Duper
341,Hang In There!
342,絶対的Performer
343,My Evolution
344,Special Wonderful Smile
345,旅立ちのコンパス
346,Glow Map
347,Do the Idol!! 〜断崖絶壁チュパカブラ〜
348,MUSIC JOURNEY
349,さかしまの言葉
350,Parade d'amour
351,星宙のVoyage
352,"Deep, Deep Blue"
353,VIVA☆アクアリズム
354,Arrive You 〜それが運命でも〜
355,ライラックにつつまれて
356,Black★Party
357,フシギトラベラー
358,深紅のパシオン
359,Paradox of LOVE
360,ReTale
361,パンとフィルム
362,フリースタイル・トップアイドル!
363,ウェイ・ダ・アイドル
364,ABSOLUTE RUN!!!
365,Be proud
366,創造は始まりの風を連れて
367,DIAMOND DAYS
368,侠気乱舞
369,赤い世界が消える頃
370,ビッグバンズバリボー!!!!!
371,オーディナリィ・クローバー
372,ラスト・アクトレス
373,Girl meets Wonder
374,World Changer
375,クルリウタ
376,VOY@GER
377,ターンオンタイム!
378,なんどでも笑おう
379,Rat A Tat!!!
380,セブンカウント
381,Star Impression
382,海風とカスタネット
383,オレンジノキオク
384,catch my feeling
385,バトンタッチ
386,Unknown Boxの開き方
387,トワラー
388,REFRAIN REL@TION
389,Large Size Party (Yuriko&Anna Vocal Ver.)
